Video ID,Video Title,Published Date,Published Time,Views Count,Comments Count,Likes Count,Hashtags,Is Private
7XFSkk-FtYw,Fox Cricket: Behind the Scenes,2018-11-07,00:47:49Z,24315,13,423,"['fox sports', 'australia', 'sports', 'cricket', 'Foxcricket', 'summer']",False
W_1bpHPMa2A,"2 Nations, 1 Obsession",2018-11-20,06:26:15Z,21164,40,462,"['fox sports', 'australia', 'sports', 'cricket', 'India', 'foxcricket']",False
n3wBE22Kuvc,Would You Rather...? with Mitchell Starc and Alyssa Healy,2018-12-28,00:16:32Z,1298832,431,21341,"['fox sports', 'australia', 'sports', 'comedy', 'wouldyourather', 'cricket', 'starc', 'healy']",False
udPy-hc7XPI,Steve Smith | The Cricket Tragic,2019-04-10,22:00:04Z,163450,316,3465,"['fox sports', 'australia', 'sports', 'cricket', 'steve smith', 'south africa', 'india', 'ball tampering', 'smith', 'cricket tragic', 'test', 'tests', 'test match', 'test cricket']",False
HdVgr5F7AtQ,The Gilded Age of Indian Cricket | Cricket Empire | Part 1,2019-05-03,05:10:35Z,14429,7,244,"['fox sports', 'australia', 'sports', 'india', 'cricket', 'india cricket', 'indian cricket', 'cricket india', 'documentary', 'doco', 'sport', 'cricket nation']",False
Z6-drL_ozN8,Jalandhar | Cricket Empire | Part 3,2019-05-21,06:30:01Z,65446,44,1126,"['fox sports', 'australia', 'sports', 'cricket', 'india', 'icc', 'cricket india', 'cricket world cup', 'cwc', 'cwc19', 'ipl']",False
izrnPjwLrS8,Cricket Club of India | Cricket Empire | Part 4,2019-05-28,09:30:04Z,7204,6,157,"['fox sports', 'australia', 'sports', 'cricket', 'india', 'icc', 'cricket world cup', 'world cup', 'cricket club', 'fox cricket', 'cricket empire', 'india cricket empire']",False
AI-_eoUVeHw,Alyssa Healy: The Team Sledger | The Cricket Tragic,2019-07-12,06:11:03Z,27481,4,445,"['fox cricket', 'cricket', 'fox sports australia', 'australia', 'aus', 'fox sports aus', 'bbl', 'big bash', 'big bash league', 'wbbl', 'Tests', 'ODI', 'ODIs', 'cricket tragic', 'southern stars', 'alyssa healy', 'healy']",False
GqPRxZBj0RY,Nic Maddinson | Fox Cricket Features,2019-07-12,05:41:46Z,22999,20,358,"['fox cricket', 'cricket', 'fox sports australia', 'australia', 'aus', 'fox sports aus', 'bbl', 'big bash', 'big bash league', 'wbbl', 'Tests', 'ODI', 'ODIs', 'nic maddinson', 'maddinson', 'rabada']",False
I22_uGyb194,Marcus Stoinis | Fox Cricket Features,2019-07-12,05:01:10Z,98308,69,2016,"['fox cricket', 'cricket', 'fox sports australia', 'australia', 'aus', 'fox sports aus', 'bbl', 'big bash', 'big bash league', 'wbbl', 'Tests', 'ODI', 'ODIs', 'marcus stoinis', 'stoinis', 'marcus', 'feature', 'perth', 'hale', 'hale school']",False
j0a1R0-bFC0,Australia captain Meg Lanning on retaining the Ashes | The Back Page,2019-08-14,04:12:07Z,3650,14,80,"['fox cricket', 'cricket', 'fox sports australia', 'australia', 'aus', 'fox sports aus', 'bbl', 'big bash', 'big bash league', 'wbbl', 'Tests', 'ODI', 'ODIs', 'test match', 'tests', 'test', 'Meg Lanning', 'Lanning', 'The Back Page']",False
dj5qc6tVUn8,Headingley - The One That Got Away | The Back Page,2019-08-28,09:00:15Z,202505,236,2131,"['fox cricket', 'cricket', 'fox sports australia', 'australia', 'aus', 'fox sports aus', 'bbl', 'big bash', 'big bash league', 'wbbl', 'Tests', 'ODI', 'ODIs', 'test match', 'tests', 'test', 'The Back Page', 'Nathan Lyon', 'Ben Stokes', 'Tim Paine', 'Marcus Harris']",False
H_B1lweQ8sI,Australia retain the Ashes | The Back Page,2019-09-11,03:29:42Z,12337,24,259,"['fox cricket', 'cricket', 'fox sports australia', 'australia', 'aus', 'fox sports aus', 'bbl', 'big bash', 'big bash league', 'wbbl', 'Tests', 'ODI', 'ODIs', 'test match', 'tests', 'test', 'The Back Page', 'Ben Stokes', 'Nathan Lyon', 'ashes']",False
o_qTJi4Rk8Q,Get ready for a big summer on Fox Cricket,2019-09-20,12:41:54Z,6337,12,150,"['fox cricket', 'cricket', 'fox sports australia', 'australia', 'aus', 'fox sports aus', 'bbl', 'big bash', 'big bash league', 'wbbl', 'Tests', 'ODI', 'ODIs']",False
o9x7WXncDYo,The Aussie WBBL stars give their top picks this summer | The Blast,2019-10-21,02:53:37Z,2804,2,52,"['fox cricket', 'cricket', 'fox sports australia', 'australia', 'aus', 'fox sports aus', 'bbl', 'big bash', 'big bash league', 'wbbl', 'Tests', 'ODI', 'ODIs', 'cricket tragic', 'southern stars', 'alyssa healy', 'healy', 'Ellyse Perry', 'Perry', 'Womens']",False
Z4_S3SSh-wM,Top 5 botched unmissable run outs | The Back Page,2019-10-23,23:21:56Z,245332,106,4601,"['fox cricket', 'cricket', 'fox sports australia', 'australia', 'aus', 'fox sports aus', 'ODI', 'ODIs', 'The Back Page', 'IPL', 'Kane Richardson', 'T20', 'T20 Cricket']",False
XKDi2ekNa8A,Kerry O'Keeffe at his finest | Skullduggery,2019-10-25,03:56:03Z,1462922,542,10745,"['fox cricket', 'cricket', 'fox sports australia', 'australia', 'aus', 'fox sports aus', 'skull', ""kerry o'keeffe"", 'skullduggery']",False
9C8-QEP4vgU,Sophie Molineux's Dream Ashes Debut | The Blast,2019-10-27,21:00:00Z,5752,2,67,"['fox cricket', 'cricket', 'fox sports australia', 'australia', 'aus', 'fox sports aus', 'skull', ""kerry o'keeffe"", 'skullduggery', 'WBBL', 'WBBL|05', 'WBBL 05', 'Big Bash', 'Mel Jones', 'Sophie Molineux', 'Molineux']",False
8rU_klL2dDY,Boundary blunder from ball kids | The Blast,2019-10-27,07:54:57Z,1700,3,31,"['fox cricket', 'cricket', 'fox sports australia', 'australia', 'aus', 'fox sports aus', 'skull', ""kerry o'keeffe"", 'skullduggery', 'WBBL', 'WBBL|05', 'WBBL 05', 'Big Bash', 'Mel Jones']",False
Ul7apVJd6kg,Grace Harris: One of the great characters in the women's game | The Cricket Tragic,2019-11-01,02:36:03Z,5288,5,69,"['fox cricket', 'cricket', 'fox sports australia', 'australia', 'aus', 'fox sports aus', 'bbl', 'big bash', 'big bash league', 'wbbl', 'Tests', 'ODI', 'ODIs']",False
aCUAdqffJZ8,The Heat v Sixers rivalry | The Blast,2019-11-10,07:50:40Z,809,1,17,"['WBBL', 'Brisbane Heat', 'Sydney Sixers', 'Jess Jonassen', 'Erin Burns', 'rivalry', 'Fox Cricket', 'The Blast']",False
q9qd9_-aRfg,Red Dirt and Killer Whales | The Cricket Tragic,2019-11-13,06:40:14Z,1843,0,36,"['cricket', 'fox cricket', 'Quilpie', 'fox sports australia', 'fox sports aus', 'grassroots cricket', 'grassroots']",False
wnYiwCpx0io,Brad Haddin on rooming with Steve Smith | The Back Page,2019-11-13,05:46:32Z,7760,10,158,"['fox cricket', 'cricket', 'fox sports australia', 'australia', 'aus', 'fox sports aus', 'bbl', 'big bash', 'big bash league', 'wbbl', 'Tests', 'ODI', 'ODIs', 'test match', 'tests', 'test', 'The Back Page', 'ashes', 'celebrations', 'ashes celebrations', 'Steve Smith', 'steve smith', 'smith', 'batsman', 'hotel', 'room', 'brad haddin']",False
blJl8nfTP3w,An Over with Rachael Haynes | The Blast,2019-11-18,09:03:57Z,4052,0,87,"['fox cricket', 'cricket', 'fox sports australia', 'australia', 'aus', 'fox sports aus', 'bbl', 'big bash', 'big bash league', 'wbbl', 'Tests', 'ODI', 'ODIs', 'Sydney Thunder', 'The Blast']",False
5-1dQRXBzOE,Who don't you want to room with on tour? | The Blast,2019-11-18,23:55:59Z,12771,6,223,"['fox cricket', 'cricket', 'fox sports australia', 'australia', 'aus', 'fox sports aus', 'bbl', 'big bash', 'big bash league', 'wbbl', 'Tests', 'ODI', 'ODIs', 'Meg Lanning', 'The Blast']",False
gmised-Wl8U,Hilarious mic'd up exchange | Marsh Cup,2019-11-19,06:50:25Z,17795,6,413,"['fox cricket', 'cricket', 'fox sports australia', 'australia', 'aus', 'fox sports aus', 'bbl', 'big bash', 'big bash league', 'wbbl', 'Tests', 'ODI', 'ODIs']",False
ou2KYhXJpts,Meg Lanning on closing out tight matches | The Blast,2019-11-19,00:14:26Z,1481,0,27,"['WBBL', 'Fox Cricket', 'The Blast', 'Fox Sports', 'Fox Sports Australia', 'Meg Lanning', 'closing out tight matches', 'Perth Scorchers', 'Melbourne Renegades', 'Molly Strano']",False
SQfEWmpSPd8,Australia v Pakistan 1st Test preview | The Back Page,2019-11-20,03:54:07Z,84496,207,1784,"['Fox Sports', 'Australia', '1st Test', 'Pakistan', 'Brisbane', 'The Gabba']",False
KQGxaEdCIBw,"Ellyse Perry talks Sixers, meeting fans and more | The Back Page",2019-11-20,03:43:29Z,8516,17,180,"['Fox Sports Australia', 'Fox Cricket', 'Ellyse Perry', 'shoulder', 'injury', 'WBBL', 'WBBL05', 'Sydney Sixers', 'The Back Page']",False
3Gq2XHJK858,Pat Cummins on role in Australian team | Cricket 360,2019-11-21,22:24:21Z,3198,3,80,[],False
hGA3jjRSCBo,Was John Howard sabotaged? | The Big Break,2019-11-21,02:48:58Z,17399,18,106,"['Australia', 'Pakistan', 'John Howard', 'Prime Minister', 'sabotage', 'isa guha', ""Kerry O'Keeffe"", 'Wasim Akram', 'Fox Cricket', 'Fox Sports Australia']",False
FWPBAON31tQ,Michael Vaughan on incident at the Gabba | Cricket 360,2019-11-21,22:44:15Z,7988,1,138,"['michael vaughan', 'vaughan', 'cricket', 'fox cricket', 'australia', 'pakistan', 'fox sports aus', 'fox sports australia', 'ausvpak']",False
5Z8-3beqjIc,Life and Times of Darren Lehmann | Come in Spinner,2019-11-23,09:10:06Z,28229,16,391,"['fox cricket', 'cricket', 'fox sports australia', 'australia', 'aus', 'fox sports aus', 'bbl', 'big bash', 'big bash league', 'wbbl', 'Tests', 'ODI', 'ODIs', 'Darren Lehmann', 'Come in Spinner']",False
VIwsNaWizjU,Interview with the man who actually said 'he can't bowl and he can't throw' | Come in Spinner,2019-11-23,08:49:06Z,75892,83,807,"['fox cricket', 'cricket', 'fox sports australia', 'australia', 'aus', 'fox sports aus', 'bbl', 'big bash', 'big bash league', 'wbbl', 'Tests', 'ODI', 'ODIs', ""Can't bowl and can't throw""]",False
PL81ljrFG6c,The Big Break Battle: Ashes Edition,2019-11-24,03:08:55Z,31795,15,492,"['fox cricket', 'cricket', 'fox sports australia', 'australia', 'aus', 'fox sports aus', 'bbl', 'big bash', 'big bash league', 'wbbl', 'Tests', 'ODI', 'ODIs']",False
zbhT60X3RgY,Who has the better hair? | The Big Break,2019-11-24,03:03:53Z,2469,0,32,"['fox cricket', 'cricket', 'fox sports australia', 'australia', 'aus', 'fox sports aus', 'bbl', 'big bash', 'big bash league', 'wbbl', 'Tests', 'ODI', 'ODIs']",False
3JmpKjp6Fbo,Waqar Younis and Wasim Akram on playing together | Cricket 360,2019-11-25,04:44:06Z,160669,259,3131,"['cricket', 'fox cricket', 'australia', 'pakistan', 'ausvpak', 'cricket 360', 'fox sports australia', 'Waqar Younis', 'Wasim Akram']",False
9V7SprQEyVU,Megan Barnard has breaky with the 'Smash Sisters' | The Blast,2019-11-25,02:27:09Z,5840,3,56,"['cricket', 'fox sports', 'WBBL', 'BBL', 'sports', 'australia', 'The Blast', 'Fox Cricket']",False
feYjR22rPOE,Usman Khawaja's dig at Warne's criticism | The Back Page,2019-11-26,23:35:40Z,35235,78,573,"['Shane Warne', 'Usman Khawaja', 'The Back Page', 'Marsh Cup', 'coin toss', 'Final']",False
bm9Pfcw2A1w,"Laugh with Kerry | Every ball live, all in one place on Foxtel",2019-11-28,04:54:44Z,1556,4,42,"['fox cricket', 'cricket', 'fox sports australia', 'australia', 'aus', 'fox sports aus', 'Tests', ""Kerry O'Keeffe"", 'promo']",False
mR5rpXYCX7Q,"Skull gold | Every ball live, all in one place on Foxtel",2019-11-28,21:00:09Z,1006,0,19,"['fox cricket', 'cricket', 'fox sports australia', 'australia', 'aus', 'fox sports aus', 'skull', 'promo', 'foxtel', 'every ball']",False
LC8mypqJtO8,"Laughing with Kerry | Every ball live, all in one place on Foxtel",2019-11-29,21:00:02Z,1693,0,19,"['fox cricket', 'cricket', 'fox sports australia', 'australia', 'aus', 'fox sports aus', ""Kerry O'Keeffe"", 'Skull', 'promo', 'Foxtel']",False
Lxy-SD-yjbg,Fox Rover v Flying Fox - who will win?,2019-12-01,23:32:09Z,12120,16,328,"['fox cricket', 'cricket', 'fox sports aus', 'fox sports australia', 'fox rover', 'foxy rover', 'flying fox', 'innovation', 'tv']",False
SNHdQTiuAwo,The Midnight Snack | Summer of Spin,2019-12-01,21:23:52Z,28054,11,448,"['fox cricket', 'cricket', 'fox sports australia', 'australia', 'aus', 'fox sports aus', 'bbl', 'big bash', 'big bash league', 'wbbl', 'Tests', 'ODI', 'ODIs']",False
bR69UyNwYkc,Take a tour through the Australian dressing rooms,2019-12-03,22:19:13Z,923125,487,16036,"['fox cricket', 'cricket', 'fox sports australia', 'australia', 'aus', 'fox sports aus', 'bbl', 'big bash', 'big bash league', 'wbbl', 'Tests', 'ODI', 'ODIs', 'Adelaide Oval', 'Inside Access', 'Behind the Scenes']",False
dbos3FyH7o4,Kirby Short WBBL 05 trophy acceptance speech,2019-12-09,00:54:36Z,1364,2,31,"['fox cricket', 'cricket', 'fox sports australia', 'australia', 'aus', 'fox sports aus', 'bbl', 'big bash', 'big bash league', 'wbbl', 'Tests', 'ODI', 'ODIs', 'Kirby Short', 'Final', 'Speech']",False
ZDte2hqbjFs,The word for the Brisbane Heat is 'brave' | The Blast,2019-12-09,00:50:30Z,940,1,21,"['fox cricket', 'cricket', 'fox sports australia', 'australia', 'aus', 'fox sports aus', 'bbl', 'big bash', 'big bash league', 'wbbl', 'Tests', 'ODI', 'ODIs', 'The Blast', 'Brisbane Heat']",False
ryD7R2GZ6zI,Mark Howard explains Perth's drop-in pitch,2019-12-12,05:01:22Z,32734,19,543,"['australia', 'ausvnz', 'new zealand', 'mark howard', 'cricket', 'fox cricket']",False
MPHeXuWn3II,Optus Stadium food recall | The Big Break,2019-12-15,09:27:29Z,13625,15,272,"['fox cricket', 'cricket', 'fox sports australia', 'australia', 'aus', 'fox sports aus', 'Tests', 'food recall', 'Optus Stadium', 'Perth Stadium', 'the big break', 'skull', 'mark howard', 'michael vaughan']",False
BkfCx8jf2VM,Do you see a lot of KOK in SOK? | The Night Watchmen,2019-12-22,05:28:59Z,100016,28,1274,[],False
3-N7EluQ_pE,Shane Warne and Merv Hughes go on a Maccas Run | Summer of Spin,2019-12-24,08:14:38Z,24905,15,460,"['fox cricket', 'cricket', 'fox sports australia', 'australia', 'aus', 'fox sports aus', 'bbl', 'big bash', 'big bash league', 'wbbl', 'Tests', 'ODI', 'ODIs']",False
Z8DCO3YPwAM,Dale Steyn unwinds with a day at Urban Surf | The Big Break,2019-12-27,02:23:28Z,9330,9,230,"['fox cricket', 'cricket', 'fox sports australia', 'australia', 'aus', 'fox sports aus', 'bbl', 'big bash', 'big bash league', 'wbbl', 'Tests', 'ODI', 'ODIs']",False
hLldTJApR4s,Marcus Stoinis and Adam Zampa chat bromances | The Night Watchmen,2019-12-30,02:45:29Z,691220,406,11402,"['fox cricket', 'cricket', 'fox sports australia', 'australia', 'aus', 'fox sports aus', 'bbl', 'big bash', 'big bash league', 'wbbl', 'Tests', 'ODI', 'ODIs', 'adam zampa', 'marcus stoinis', 'shane warne']",False
Kk1P_91DaBI,Leg Spin Masterclass with Shane Warne and Rashid Khan | The Big Break,2019-12-30,00:19:58Z,6649671,3508,117980,"['Australia', 'New Zealand', 'rashid khan', 'cricket', 'fox cricket', 'shane warne', 'leg spin', 'masterclass', 'leg spin masterclass']",False
pmIOrr25pOc,The Brett Lee Beamer Challenge | The Night Watchmen,2020-01-02,04:43:40Z,185287,50,2077,"['fox cricket', 'cricket', 'fox sports australia', 'australia', 'aus', 'fox sports aus', 'bbl', 'big bash', 'big bash league', 'wbbl', 'Tests', 'ODI', 'ODIs']",False
en7EwdZ_YO8,Billy Birmingham on how the 12th Man started | Cricket Legends,2020-01-02,04:48:19Z,11073,5,130,"['billy birmingham', '12th man', 'fox cricket', 'cricket', 'cricket legends', 'crash craddock', 'comedy', 'bill lawry', 'richie benaud']",False
NtE4LUINKkM,Marsh and Boon take young Warnie to the pub | Summer of Spin,2020-01-05,02:30:02Z,31285,13,571,"['fox cricket', 'cricket', 'fox sports australia', 'australia', 'aus', 'fox sports aus', 'bbl', 'big bash', 'big bash league', 'wbbl', 'Tests', 'ODI', 'ODIs']",False
fGCmCQLk044,Stories from the Grassroots Cricket Fund | The Cricket Tragic,2020-01-10,23:00:06Z,5098,4,128,"['BBL', 'BBL09', 'Big Bash', 'T20', 'Cricket']",False
SB3VMRHGNT0,Inside The Willows Cricket Club NZ | The Cricket Tragic,2020-01-12,05:30:01Z,44138,59,925,"['BBL', 'BBL09', 'Big Bash', 'T20', 'Cricket']",False
-1Qj6HhaKhk,The Shane Warne Baked Beans Myth-Busted | Summer of Spin,2020-01-14,21:29:20Z,21455,15,402,"['fox cricket', 'cricket', 'fox sports australia', 'australia', 'aus', 'fox sports aus', 'bbl', 'big bash', 'big bash league', 'wbbl', 'Tests', 'ODI', 'ODIs']",False
MO7U-MpPPVU,Billy Birmingham on working with Merv Hughes and John Farnham | Cricket Legends,2020-01-27,22:00:05Z,3999,5,62,"['billy birmingham', 'merv hughes', 'john farnham', '12th man', 'cricket legends', 'cricket', 'fox cricket', 'jimmy barnes']",False
INlRRZ8xdgQ,The Women's Game in India | Cricket Empire | Part 5,2020-01-29,01:53:08Z,3327,7,101,"['fox cricket', 'cricket', 'fox sports australia', 'australia', 'aus', 'fox sports aus', 'bbl', 'big bash', 'big bash league', 'wbbl', 'Tests', 'ODI', 'ODIs', 'cricket empire', 'india', ""women's cricket""]",False
X5HuOifc35g,Jammu and Kashmir - cricketing frontier | Cricket Empire | Part 6,2020-01-29,22:00:10Z,11289,32,371,"['fox cricket', 'cricket', 'fox sports australia', 'australia', 'aus', 'fox sports aus', 'bbl', 'big bash', 'big bash league', 'wbbl', 'Tests', 'ODI', 'ODIs']",False
tu0Egbpio3U,The Bhadohi Academy | Cricket Empire | Part 7,2020-01-30,22:00:15Z,6621,11,171,"['fox cricket', 'cricket', 'fox sports australia', 'australia', 'aus', 'fox sports aus', 'bbl', 'big bash', 'big bash league', 'wbbl', 'Tests', 'ODI', 'ODIs', 'cricket empire', 'india', 'Bhadohi Academy']",False
dscLHsdxScY,Shane Warne the rockstar? | Summer of Spin,2020-02-06,13:06:17Z,18308,7,409,"['Melbourne Stars', 'Sydney Thunder', 'BBL', 'BBL09', 'Big Bash', 'T20', 'Cricket', 'Melbourne Stars vs. Sydney Thunder']",False
pSoeKQitUmI,Getting the call up to represent Australia | Fox Cricket Features,2020-02-24,23:07:54Z,9602,6,203,"['fox cricket', 'cricket', 'fox sports australia', 'australia', 'aus', 'fox sports aus', 'bbl', 'big bash', 'big bash league', 'wbbl', 'Tests', 'ODI', 'ODIs', 'Ellyse Perry', 'Beth Moondey', 'Delissa Kimmince', 'Erin Burns', 'Meg Lanning', 'Alyssa Healy']",False
D3iGNcEbjDI,Introducing FOXW | Dedicated women's sport pop-up channel,2020-03-01,11:30:12Z,1468,2,45,"['fox cricket', 'cricket', 'fox sports australia', 'australia', 'aus', 'fox sports aus', 'bbl', 'big bash', 'big bash league', 'wbbl', 'Tests', 'ODI', 'ODIs']",False
6hQZYtmsuSI,Ellyse Perry breaks the news on her WBBL future | The Blast,2020-05-01,02:54:02Z,6997,14,192,"['fox cricket', 'cricket', 'fox sports australia', 'australia', 'aus', 'fox sports aus', 'bbl', 'big bash', 'big bash league', 'wbbl', 'Tests', 'ODI', 'ODIs']",False
Ga9HIkTXQJk,Shane Warne reveals his dream commentary team | A Week with Warnie,2020-05-17,05:22:53Z,38265,107,529,"['Shane Warne', 'Fox Cricket', 'Cricket', 'Commentary', 'Richie Benaud', 'Australia', 'Ian Smith', 'Bill Lawry', 'Ian Chappell', 'Nasser Hussain']",False
dVgLIPS8BsA,Allan Border wants five Test Indian series | Fox Sports News,2020-06-03,00:19:31Z,32043,95,679,"['Australia', 'India', 'Cricket Australia', 'BCCI', 'CA', 'Cricket', 'Test match', 'Fox Cricket', 'Fox Sports News']",False
QRUaE-nFxiY,Pat Cummins on his rivalry with Virat Kohli | Watch AUS v IND ODI on Fox Cricket,2020-11-20,03:29:43Z,54437,56,1287,"['Pat Cummins', 'Virat Kholi', 'Fox Cricket', 'Aus v Ind', 'ODI', 'Cricket']",False
Qz6zGqE1xA8,The MCG Maiden | Summer of Spin,2021-01-14,02:08:34Z,9139,11,245,"['fox cricket', 'cricket', 'fox sports australia', 'australia', 'aus', 'fox sports aus', 'bbl', 'big bash', 'big bash league', 'wbbl', 'Tests', 'ODI', 'ODIs']",False
K4-VjP6eBng,The Serial Pest in Sydney | Summer of Spin,2021-01-14,02:30:01Z,9040,15,256,"['fox cricket', 'cricket', 'fox sports australia', 'australia', 'aus', 'fox sports aus', 'bbl', 'big bash', 'big bash league', 'wbbl', 'Tests', 'ODI', 'ODIs']",False
8HiFTW3XhkE,The Big Hit in Brisbane | Summer of Spin,2021-01-16,07:30:02Z,10948,17,254,"['fox cricket', 'cricket', 'fox sports australia', 'australia', 'aus', 'fox sports aus', 'bbl', 'big bash', 'big bash league', 'wbbl', 'Tests', 'ODI', 'ODIs']",False
3sUMaRqoPmI,India all out for 36 I Fifth lowest Test score in history I Fox Cricket,2021-03-25,03:46:40Z,12603932,11944,165333,"['fox cricket', 'cricket', 'fox sports australia', 'australia', 'aus', 'fox sports aus', 'big bash', 'Tests', 'India', 'Border', 'Gavaskar', '36']",False
sf2FYWPbBfo,Road to the Ashes - Episode One I Fox Cricket,2021-04-28,13:05:40Z,73616,335,1511,"['fox cricket', 'cricket', 'fox sports australia', 'australia', 'aus', 'fox sports aus', 'bbl', 'big bash', 'big bash league', 'wbbl', 'Tests', 'ODI', 'ODIs']",False
INCGRqXVLdw,What will England's line up for the 2021/22 Ashes be? I Road to the Ashes I Fox Cricket,2021-05-04,10:00:08Z,75150,509,1421,"['fox cricket', 'cricket', 'fox sports australia', 'australia', 'aus', 'fox sports aus', 'bbl', 'big bash', 'big bash league', 'wbbl', 'Tests', 'ODI', 'ODIs', 'Australia', 'England', 'Ashes', 'Road to the Ashes', 'Michael Vaughan', 'Mark Waugh', 'Justin Langer', 'Brendon Julian']",False
QhXNQgTOX60,Marnus Labuschagne talks technique with Darren Lehmann | Fox Cricket,2021-05-12,06:07:54Z,215179,182,4475,"['fox cricket', 'cricket', 'fox sports australia', 'australia', 'aus', 'fox sports aus', 'bbl', 'big bash', 'big bash league', 'wbbl', 'Tests', 'ODI', 'ODIs']",False
lFck_Oad5V4,Brad Haddin reveals Warner’s reaction to shock IPL axing I Road to the Ashes I Fox Cricket,2021-05-13,03:45:03Z,51022,57,1026,"['fox cricket', 'cricket', 'fox sports australia', 'australia', 'aus', 'fox sports aus', 'bbl', 'big bash', 'big bash league', 'wbbl', 'Tests', 'ODI', 'ODIs', 'IPL', 'Indian Premier League', 'India', 'David Warner', 'Sunrisers Hyderabad', 'Brad Haddin', 'Road to the Ashes', 'Michael Vaughan', 'Brendon Julian', ""Kerry O'Keeffee""]",False
jZ2qmkGp8z4,Road to the Ashes - Episode 2 | IPL Postponement & Planning for Ashes success | Fox Cricket,2021-05-13,04:45:02Z,52238,232,1010,"['Cricket', 'Fox Cricket', 'Fox Sports Australia', 'Australia', 'Aus', 'Fox Sports Aus', 'India', 'Tests', 'ODI', 'T20', 'Indian Premier League', 'David Warner', 'Steve Waugh', 'Brendon Julian', 'Michael Vaughan', ""Kerry O'Keeffe"", 'England', 'Road to the Ashes', 'Ashes']",False
XSWP4YWTocw,Steve Waugh reflects on the drought breaking 1989 Ashes I Road to the Ashes I Fox Cricket,2021-05-13,03:02:32Z,15166,19,243,"['fox cricket', 'cricket', 'fox sports australia', 'australia', 'aus', 'fox sports aus', 'bbl', 'big bash', 'big bash league', 'wbbl', 'Tests', 'ODI', 'ODIs', 'Steve Waugh', 'Michael Vaughan', 'England', 'The Ashes', 'Road to The Ashes', 'Test Cricket', 'Brendon Julian', ""Kerry O'Keeffe"", 'Allan Border', 'David Boon']",False
pBm10LZuugU,Sandpaper gate rears its head | Can Steve Smith captain Australia? | Road to the Ashes,2021-05-31,00:13:03Z,16874,96,330,"['fox cricket', 'cricket', 'fox sports australia', 'australia', 'aus', 'fox sports aus', 'bbl', 'big bash', 'big bash league', 'wbbl', 'Tests', 'ODI', 'ODIs']",False
ekHCteaBi9I,Road to the Ashes - Episode 4 I  The series that made Botham a star I Fox Cricket,2021-06-11,07:19:17Z,16585,40,313,"['fox cricket', 'cricket', 'fox sports australia', 'australia', 'aus', 'fox sports aus', 'bbl', 'big bash', 'big bash league', 'wbbl', 'Tests', 'ODI', 'ODIs', 'Road to the Ashes', 'Ian Botham', ""Kerry O'Keeffe"", 'Brendon Julian', 'England', 'Australia', 'India', 'Ashes', 'New Zealand', 'Kane Williamson', 'Joe Root', 'Jofra Archer', 'Jimmy Anderson']",False
-oCSBez8COg,Rishabh Pant SMASHES 73-ball century against Australia A at the SCG 2020/21 I Fox Cricket,2021-06-17,07:30:01Z,1702098,383,26078,"['fox cricket', 'cricket', 'fox sports australia', 'australia', 'aus', 'fox sports aus', 'bbl', 'big bash', 'big bash league', 'wbbl', 'Tests', 'ODI', 'ODIs', 'India', 'Rishabh Pant', 'Australia A', 'Allan Border', 'Border-Gavaskar Trophy', 'Virat Kohli']",False
eP6OurR0jgU,Road to the Ashes - Episode 5 I IPL vs national duty & Warney’s hattrick I Fox Cricket,2021-06-24,03:36:03Z,33618,171,653,"['Cricket', 'Australia', 'Fox Cricket', 'England', 'Ashes', 'Road to the Ashes', 'Shane Warne', 'India', 'IPL', 'Indian Premier League', 'Michael Vaughan', 'Mark Waugh', 'Brendon Julian', 'Fox Sports', 'Fox Sports Australia', 'Fox Sports Aus', 'Tests', 'ODI', 'Test', 'ODIs']",False
f0zW8RMoS6I,Time to drop players who prioritize IPL & Langer on thin ice? I Road to the Ashes I Fox Cricket,2021-06-25,11:30:13Z,198507,720,2943,"['fox cricket', 'cricket', 'fox sports australia', 'australia', 'aus', 'fox sports aus', 'bbl', 'big bash', 'big bash league', 'wbbl', 'Tests', 'ODI', 'ODIs', 'Road to the Ashes', 'Indian Premier League', 'IPL', 'India', 'England', 'The 100', 'Glenn Maxwell', 'T20', 'T20s', 'Justin Langer']",False
kj915gHIg0A,Rotation madness - Are England any chance against India & Australia? I Road to the Ashes,2021-06-25,03:30:06Z,133812,465,2201,"['fox cricket', 'cricket', 'fox sports australia', 'australia', 'aus', 'fox sports aus', 'bbl', 'big bash', 'big bash league', 'wbbl', 'Tests', 'ODI', 'ODIs', 'Road to the Ashes', 'England', 'Australia', 'India', 'Joe Root', 'Michael Vaughan', 'Shane Warne', 'Mark Waugh']",False
n6xz1AYVklg,Greg Chappell - should Smith be captain & is T20 ruining batting techniques? I Fox Cricket,2021-07-08,06:10:28Z,27360,147,587,"['fox cricket', 'cricket', 'fox sports australia', 'australia', 'aus', 'fox sports aus', 'bbl', 'big bash', 'big bash league', 'wbbl', 'Tests', 'ODI', 'ODIs']",False
2MVgzptK9qA,Road to the Ashes - Episode 6 I T20 World Cup or Test Cricket & Greg Chappell I Fox Cricket,2021-07-09,11:30:01Z,30388,166,592,"['Cricket', 'Australia', 'Fox Cricket', 'England', 'Ashes', 'Road to the Ashes', 'Greg Chappell', 'India', 'T20', 'World Cup', 'T20 World Cup', 'Test', 'Test Cricket', 'Steve Smith', 'Fox Sports', 'Fox Sports Australia', 'Fox Sports Aus', 'Tests', 'ODI', 'ODIs', 'One-Day cricket']",False
P7BkIa3l-a0,Mike Atherton predicts Engalnd's top 6 against India I Road to the Ashes I Fox Cricket,2021-07-21,12:18:08Z,113530,392,2112,"['fox cricket', 'cricket', 'fox sports australia', 'australia', 'aus', 'fox sports aus', 'bbl', 'big bash', 'big bash league', 'wbbl', 'Tests', 'ODI', 'ODIs', 'India', 'England', 'Road to the Ashes', 'Joe Root', 'Jimmy Anderson', 'Virat Kohli', 'Ashes']",False
lTUDwDtBshk,Road to the Ashes - Episode 7 I England & Australia's batting order analysed I Fox Cricket,2021-07-22,09:00:15Z,35571,158,724,"['Cricket', 'Australia', 'Fox Cricket', 'England', 'Ashes', 'Road to the Ashes', 'India', 'T20', 'World Cup', 'T20 World Cup', 'Test', 'Test Cricket', 'Steve Smith', 'Fox Sports', 'Fox Sports Australia', 'Fox Sports Aus', 'Tests', 'ODI', 'ODIs', 'One-Day cricket', 'Jimmy Anderson', 'Mike Atherton', 'Mark Waugh', 'Brendon Julian']",False
RADrH19HGW4,'It was a big shock' - Vaughan reacts to Ben Stokes' withdrawal I Road to the Ashes I Fox Cricket,2021-08-05,12:00:13Z,24064,37,441,"['fox cricket', 'cricket', 'fox sports australia', 'australia', 'aus', 'fox sports aus', 'bbl', 'big bash', 'big bash league', 'wbbl', 'Tests', 'ODI', 'ODIs', 'Road to the Ashes', 'England', 'Ben Stokes', 'Michael Vaughan', 'Brett Lee', 'India', 'Australia', 'Brendon Julian']",False
kiy3w_-SRHI,Road to the Ashes - Episode 8 I Quarantine to jeopardise Ashes & revisiting the greatest Ashes ever,2021-08-05,02:42:43Z,22901,86,388,"['Cricket', 'Australia', 'Fox Cricket', 'England', 'Ashes', 'Road to the Ashes', 'India', 'T20', 'World Cup', 'T20 World Cup', 'Test', 'Test Cricket', 'Steve Smith', 'Fox Sports', 'Fox Sports Australia', 'Fox Sports Aus', 'Tests', 'ODI', 'ODIs', 'One-Day cricket', 'Brendon Julian', 'Ben Stokes', 'Michael Vaughan', 'Brett Lee', 'Glen McGrath', 'Andrew Flintoff']",False
faoTxcOCbKg,'This team is a bit special' - India's epic win & mounting pressure on Justin Langer I The Back Page,2021-08-18,04:59:44Z,1057690,1069,20419,"['fox cricket', 'cricket', 'fox sports australia', 'australia', 'aus', 'fox sports aus', 'bbl', 'big bash', 'big bash league', 'wbbl', 'Tests', 'ODI', 'ODIs', 'India', 'England', 'Virat Kohli', 'Jasprit Bumrah', 'Mohammed Siraj', 'James Anderson', 'Joe Root', 'The Back Page', 'Robert Craddock', 'Crash']",False
hw0DyGdUPE8,'Those that complain are boring’ – Vaughan explains why cricket needs Virat Kohli I The Back Page,2021-09-08,01:09:03Z,1063296,1534,20238,"['fox cricket', 'cricket', 'fox sports australia', 'australia', 'aus', 'fox sports aus', 'bbl', 'big bash', 'big bash league', 'wbbl', 'Tests', 'ODI', 'ODIs', 'India', 'England', '4th Test', 'Virat Kohli', 'Joe Root', 'Michael Vaughan', 'Rohit Sharma', 'Jasprit Bumrah', 'Shane Warne', 'Ashes', 'Australia', 'Tim Paine']",False
aBLYmkAvy7w,"Next Aussie Captain: Cummins or Smith, England & India cancelled Test & Jimmy’s future I Fox Cricket",2021-09-16,03:05:09Z,76076,347,1934,"['fox cricket', 'cricket', 'fox sports australia', 'australia', 'aus', 'fox sports aus', 'bbl', 'big bash', 'big bash league', 'wbbl', 'Tests', 'ODI', 'ODIs', 'Tim Paine', 'Steve Smith', 'Pat Cummins', 'India', 'England', 'Old Trafford', 'Fifth Test', 'Virat Kohli', 'Ravi Shastri', 'BCCI', 'Jimmy Anderson', 'Joe Root']",False
HZEysoHgeD4,"Warne, Waugh & O'Keeffe explain why Australia, India & Pakistan can win the World Cup I Fox Cricket",2021-10-23,15:05:15Z,325736,940,5793,"['fox cricket', 'cricket', 'fox sports australia', 'australia', 'aus', 'fox sports aus', 'bbl', 'big bash', 'big bash league', 'wbbl', 'Tests', 'ODI', 'ODIs', 'T20 World Cup', 'India', 'Virat Kohli', 'Rohit Sharma', 'Jasprit Bumrah', 'KL Rahul', 'Pakistan', 'Babar Azam', 'Australia', 'Steve Smith']",False
apotlOc6jd4,Matthew Hayden in Pakistan’s inner sanctum & are India in trouble? I T20 World Cup I Fox Cricket,2021-10-25,11:43:04Z,1674493,1723,27550,"['fox cricket', 'cricket', 'fox sports australia', 'australia', 'aus', 'fox sports aus', 'bbl', 'big bash', 'big bash league', 'wbbl', 'Tests', 'ODI', 'ODIs', 'T20 World Cup', '2021', 'India', 'Pakistan', 'Matthew Hayden', 'Brett Lee', 'Brad Haddin', 'Brendon Julian', 'Babar Azam', 'Shaheen Shah Afridi', 'mohammad rizwan', 'Rohit Sharma', 'KL Rahul']",False
s0jAynhc0JY,“More dysfunctional than the Kardashians” – De Kock issues apology I T20 World Cup I Fox Cricket,2021-10-28,10:24:36Z,162919,685,2637,"['fox cricket', 'cricket', 'fox sports australia', 'australia', 'aus', 'fox sports aus', 'bbl', 'big bash', 'big bash league', 'wbbl', 'Tests', 'ODI', 'ODIs', 'T20 World Cup', 'Quinton de Kock', 'BLM', 'Black Lives Matter', 'South Africa', 'Proteas', 'Temba Bavuma', ""Kerry O'Keeffe"", 'Brad Haddin', 'Brendon Julian', 'Kieron Pollard', 'Darren Sammy', 'West Indies']",False
XoAgXMRwamM,Is Steve Smith good enough to be in Australia's T20 team? | T20 World Cup | FOX Cricket,2021-10-31,11:30:04Z,92590,389,1721,[],False
uuZIu_FiWuU,Shane Warne and Kerry O'Keeffe's Ashes predictions I The Ashes I Fox Cricket,2021-12-08,05:44:17Z,48058,38,802,"['fox cricket', 'cricket', 'fox sports australia', 'australia', 'aus', 'fox sports aus', 'bbl', 'big bash', 'big bash league', 'wbbl', 'Tests', 'ODI', 'ODIs', 'Ashes', 'The Ashes', 'Shane Warne', ""Kerry O'Keeffe"", 'England', 'Joe Root', 'Pat Cummins', 'Steve Smith', 'Ben Stokes', 'James Anderson', 'Stuart Broad', 'Mitchell Starc']",False
ZiOLJ6ajIwE,Stumps: Australia builds solid lead on Day 2 at the Gabba | The Ashes | Fox Cricket,2021-12-09,09:06:33Z,22173,50,672,"['fox cricket', 'cricket', 'fox sports australia', 'australia', 'aus', 'fox sports aus', 'bbl', 'big bash', 'big bash league', 'wbbl', 'Tests', 'ODI', 'ODIs']",False
9iRBuEx1gk0,Warnie’s Greatest Ashes Moment | Summer of Spin,2021-12-10,03:41:21Z,6735,8,194,"['fox cricket', 'cricket', 'fox sports australia', 'australia', 'aus', 'fox sports aus', 'bbl', 'big bash', 'big bash league', 'wbbl', 'Tests', 'ODI', 'ODIs', 'Shane Warne', 'the Ashes', 'Ashes highlights', 'Spin bowling']",False
iJxrIlKODpc,Stumps: England fight back on Day 3 to set up thrilling ending | The Ashes | Fox Cricket,2021-12-10,08:39:23Z,16332,27,444,"['fox cricket', 'cricket', 'fox sports australia', 'australia', 'aus', 'fox sports aus', 'bbl', 'big bash', 'big bash league', 'wbbl', 'Tests', 'ODI', 'ODIs']",False
nk8rFLq1BI4,Stumps: Australia claim test 1 after English capitulation | The Ashes | Fox Cricket,2021-12-11,07:03:59Z,13617,32,393,"['fox cricket', 'cricket', 'fox sports australia', 'australia', 'aus', 'fox sports aus', 'bbl', 'big bash', 'big bash league', 'wbbl', 'Tests', 'ODI', 'ODIs']",False
JY-Fx-9tm8g,Quality Time with Brett Lee,2021-12-13,23:34:05Z,13123,29,339,"['fox cricket', 'cricket', 'fox sports australia', 'australia', 'aus', 'fox sports aus', 'bbl', 'big bash', 'big bash league', 'wbbl', 'Tests', 'ODI', 'ODIs', 'brett lee', '4wd', 'binga']",False
rn-DxxnEAow,Warnie’s Favourite Ashes Performance | Summer of Spin,2021-12-16,22:54:25Z,7893,13,219,"['fox cricket', 'cricket', 'fox sports australia', 'australia', 'aus', 'fox sports aus', 'bbl', 'big bash', 'big bash league', 'wbbl', 'Tests', 'ODI', 'ODIs', 'Shane Warne', 'Warnie', 'McDonalds', 'ad', 'The Ashes', 'Ashes Performance', 'England', 'Australia']",False
uoV9p-sxH54,Is the commentators curse real I Binga & Gilly’s worst acting performances I The Ashes I Fox Cricket,2021-12-17,07:07:52Z,140320,79,2143,"['fox cricket', 'cricket', 'fox sports australia', 'australia', 'aus', 'fox sports aus', 'bbl', 'big bash', 'big bash league', 'wbbl', 'Tests', 'ODI', 'ODIs', 'The Big Break', 'Adam Gilchrist', 'Brett Lee', 'England', 'Ashes', 'David Warner', 'India']",False
ZLBdS53Hg3s,Stumps: Ashes Daily - England collapse leaving Australia on the edge of 2-0,2021-12-18,12:36:12Z,26064,60,611,"['fox cricket', 'cricket', 'fox sports australia', 'australia', 'aus', 'fox sports aus', 'bbl', 'big bash', 'big bash league', 'wbbl', 'Tests', 'ODI', 'ODIs']",False
-6-rikAz2Rw,Quality Time with Mark Waugh,2021-12-20,03:49:45Z,16834,52,318,"['fox cricket', 'cricket', 'fox sports australia', 'australia', 'aus', 'fox sports aus', 'bbl', 'big bash', 'big bash league', 'wbbl', 'Tests', 'ODI', 'ODIs']",False
6caSroyzQm4,Warnie's Favourite Series | Summer of Spin,2021-12-26,21:24:31Z,7486,7,177,"['fox cricket', 'cricket', 'fox sports australia', 'australia', 'aus', 'fox sports aus', 'bbl', 'big bash', 'big bash league', 'wbbl', 'Tests', 'ODI', 'ODIs']",False
Yv1XCipXhwA,Quality Time with Merv Hughes,2021-12-27,00:55:45Z,15970,14,213,"['fox cricket', 'cricket', 'fox sports australia', 'australia', 'aus', 'fox sports aus', 'bbl', 'big bash', 'big bash league', 'wbbl', 'Tests', 'ODI', 'ODIs', 'Merv Hughes', 'Brendon Julian', '4WD Supa Centre']",False
m7mSEhPbrHA,Warnie’s Favourite Fan Moment | Summer of Spin,2022-01-04,23:30:05Z,6235,6,158,"['fox cricket', 'cricket', 'fox sports australia', 'australia', 'aus', 'fox sports aus', 'bbl', 'big bash', 'big bash league', 'wbbl', 'Tests', 'ODI', 'ODIs']",False
KlMWBCAT-Zc,Quality Time with Brad Haddin,2022-01-04,23:30:02Z,4624,6,84,"['fox cricket', 'cricket', 'fox sports australia', 'australia', 'aus', 'fox sports aus', 'bbl', 'big bash', 'big bash league', 'wbbl', 'Tests', 'ODI', 'ODIs']",False
OLkzBSPvkwQ,Langer's time running out? I Root should step down? I When Vaughan BOWLED Tendulkar I Fox Cricket,2022-01-05,04:02:24Z,89328,69,902,"['fox cricket', 'cricket', 'fox sports australia', 'australia', 'aus', 'fox sports aus', 'bbl', 'big bash', 'big bash league', 'wbbl', 'Tests', 'ODI', 'ODIs', 'The Ashes', 'England', 'Michael Vaughan', 'Sachin Tendulkar', 'India', 'Brett Lee', ""Kerry O'Keeffe"", 'Joe Root', 'Justin Langer']",False
ynSWRpMlh0U,Stumps: Khawaja stars with Century | The Ashes | Fox Cricket,2022-01-06,08:54:51Z,10893,13,317,"['fox cricket', 'cricket', 'fox sports australia', 'australia', 'aus', 'fox sports aus', 'bbl', 'big bash', 'big bash league', 'wbbl', 'Tests', 'ODI', 'ODIs']",False
mjcFG-tS3Ho,A leg spin bowling masterclass from Shane Warne and Kerry O'Keeffe | FOX Cricket | The Ashes,2022-01-07,03:14:59Z,351448,390,4126,"['Shane Warne', 'Leg Spin', 'Australia', 'Ashes', 'England', ""Kerry O'Keeffe"", 'Masterclass']",False
dDD371tK7Ns,Why Australia MUST tour Pakistan & Tendulkar suggests rule change I The Ashes I Fox Cricket,2022-01-08,03:51:35Z,684933,1485,10769,"['fox cricket', 'cricket', 'fox sports australia', 'australia', 'aus', 'fox sports aus', 'bbl', 'big bash', 'big bash league', 'wbbl', 'Tests', 'ODI', 'ODIs', 'Shane Warne', 'Sachin Tendulkar', 'Michael Vaughan', 'The Ashes', 'Pakistan', 'India', 'England']",False
6GUKBe6Y0dw,Khawaja explains the significance of playing in Pakistan & weirdest bowling actions I Fox Cricket,2022-01-09,02:46:20Z,216003,442,4691,"['fox cricket', 'cricket', 'fox sports australia', 'australia', 'aus', 'fox sports aus', 'bbl', 'big bash', 'big bash league', 'wbbl', 'Tests', 'ODI', 'ODIs', 'Pakistan', 'Usman Khawaja', 'Michael Vaughan', 'India', ""Kerry O'Keeffe"", 'The Ashes', 'Lasith Malinga', 'Sri Lanka']",False
Mhb8sQoumjA,Warnie’s favourite commentary moment | Summer of Spin,2022-01-13,22:19:15Z,12835,17,335,"['fox cricket', 'cricket', 'fox sports australia', 'australia', 'aus', 'fox sports aus', 'bbl', 'big bash', 'big bash league', 'wbbl', 'Tests', 'ODI', 'ODIs', 'Shane Warne', 'Ashes', 'Peter Siddle']",False
9Tudt_SwlLY,"The Ashes | The Great Escape: Brett Lee relives Edgbaston, 2005 | Fox Cricket",2022-02-07,03:39:33Z,6193,9,215,"['fox cricket', 'cricket', 'fox sports australia', 'australia', 'aus', 'fox sports aus', 'bbl', 'big bash', 'big bash league', 'wbbl', 'Tests', 'ODI', 'ODIs']",False
Oi2SdV3DF0s,Pakistan's tactics - Smart or bad for cricket? I Khawaja's special ton I Sad Marnus I Fox Cricket,2022-03-13,05:18:40Z,80229,94,1478,"['fox cricket', 'cricket', 'fox sports australia', 'australia', 'aus', 'fox sports aus', 'bbl', 'big bash', 'big bash league', 'wbbl', 'Tests', 'ODI', 'ODIs', 'Pakistan', 'Australia', 'Babar Azam', 'Steve Smith', 'Usman Khawaja', 'Marnus Labuschagne']",False
ONUELwbvGIc,Success in Pakistan = success in India for Aussies? I How to get the ball to reverse I Fox Cricket,2022-03-15,05:50:24Z,65731,545,1380,"['fox cricket', 'cricket', 'fox sports australia', 'australia', 'aus', 'fox sports aus', 'bbl', 'big bash', 'big bash league', 'wbbl', 'Tests', 'ODI', 'ODIs', 'Pakistan', 'India', 'Reverse swing']",False
cQORhPzUUw8,"""Bamboozled Us!"" Nasser Hussain pays the perfect tribute to Shane Warne | Fox Cricket",2022-03-30,12:28:15Z,119539,110,1440,"['fox cricket', 'cricket', 'fox sports australia', 'australia', 'aus', 'fox sports aus', 'bbl', 'big bash', 'big bash league', 'wbbl', 'Tests', 'ODI', 'ODIs']",False
okvbbkWUbg4,Alyssa Healy's unique Cricket World Cup celebrations | FOX Cricket | The Back Page,2022-04-13,02:29:08Z,13460,23,247,"['fox cricket', 'cricket', 'fox sports australia', 'australia', 'aus', 'fox sports aus', 'bbl', 'big bash', 'big bash league', 'wbbl', 'Tests', 'ODI', 'ODIs']",False
eoOajHWxMkA,"David Warner opens up on his IPL resurgence, Pant & Ponting’s leadership & Afridi confrontation",2022-05-25,09:30:05Z,90669,89,2529,"['fox cricket', 'cricket', 'fox sports australia', 'australia', 'aus', 'fox sports aus', 'bbl', 'big bash', 'big bash league', 'wbbl', 'Tests', 'ODI', 'ODIs', 'India', 'IPL', 'Indian Premier League', 'David Warner', 'Ricky Ponting', 'Rishabh Pant', 'Delhi Capitals', 'Sunrisers Hyderabad', 'Pakistan', 'Shaheen Shah Afridi', 'Andrew Symonds']",False
noVoAndsoCM,Handscomb dominates WA to the tune of 281* | Sheffield Shield,2022-10-20,06:00:14Z,11219,14,227,"['fox cricket', 'cricket', 'fox sports australia', 'australia', 'aus', 'fox sports aus', 'bbl', 'big bash', 'big bash league', 'wbbl', 'Tests', 'ODI', 'ODIs']",False
hFM4ZhOvQmI,"India, Pakistan, Australia & England: Strengths & weaknesses analyzed I 2022 T20 World Cup Preview",2022-10-21,01:30:10Z,216308,652,5255,"['fox cricket', 'cricket', 'fox sports australia', 'australia', 'aus', 'fox sports aus', 'bbl', 'big bash', 'big bash league', 'wbbl', 'Tests', 'ODI', 'ODIs', '2022 World Cup', 'T20 World Cup', 'India', 'Rohit Sharma', 'Virat Kohli', 'Jasprit Bumrah', 'Pakistan', 'Babar Azam', 'Shaheen Afridi', 'England', 'Jos Buttler', 'Jofra Archer', 'Steve Smith']",False
xTlh_2kOVDY,How will we look back on Aaron Finch's career once it's all said and done? | Turning Points,2022-10-22,06:00:14Z,8997,14,281,"['fox cricket', 'cricket', 'fox sports australia', 'australia', 'aus', 'fox sports aus', 'bbl', 'big bash', 'big bash league', 'wbbl', 'Tests', 'ODI', 'ODIs']",False
gN_tYrp1XiI,"Kohli, Root, Babar, Cummins, Bumrah: Australia's best pick their TOP 5 current players | Fox Cricket",2022-11-15,05:30:10Z,1718371,2891,40747,"['fox cricket', 'cricket', 'fox sports australia', 'australia', 'aus', 'fox sports aus', 'bbl', 'big bash', 'big bash league', 'wbbl', 'Tests', 'ODI', 'ODIs', 'Top 5', 'Virat Kohli', 'Babar Azam', 'Steve Smith', 'India', 'Pakistan', 'Pat Cummins', 'Joe Root', 'Jos Buttler', 'Ben Stokes', 'Ravindra Jadeja', 'Glenn Maxwell', 'Marnus Labuschagne', 'Nathan Lyon', 'Aaron Finch', 'Cameron Green']",False
S4gmAzxJ3Bk,Mic'd Up | David Warner scores 75 against the West Indies,2022-11-17,05:00:20Z,74063,36,1561,"['fox cricket', 'cricket', 'fox sports australia', 'australia', 'aus', 'fox sports aus', 'bbl', 'big bash', 'big bash league', 'wbbl', 'Tests', 'ODI', 'ODIs', 'T20i', 'T20 Cricket', 'David Warner', 'IPL', 'World Cup']",False
OVafwiQ_x-Q,Mic'd Up | Alex Carey keeps wicket against England,2022-11-19,01:45:00Z,61366,24,1176,"['fox cricket', 'cricket', 'fox sports australia', 'australia', 'aus', 'fox sports aus', 'bbl', 'big bash', 'big bash league', 'wbbl', 'Tests', 'ODI', 'ODIs']",False
prtBA5Ddt80,Mic'd Up | Pat Cummins sets an aggressive field against the West Indies,2022-11-20,05:00:19Z,68431,67,1562,"['fox cricket', 'cricket', 'fox sports australia', 'australia', 'aus', 'fox sports aus', 'bbl', 'big bash', 'big bash league', 'wbbl', 'Tests', 'ODI', 'ODIs', 'T20i', 'T20 Cricket', 'Micd Up', 'Cummins', 'IPL', 'World Cup']",False
2KvY2bMWAa4,Mic'd Up | Finch guides Australia against England in Canberra,2022-11-22,05:00:00Z,44389,33,986,"['fox cricket', 'cricket', 'fox sports australia', 'australia', 'aus', 'fox sports aus', 'bbl', 'big bash', 'big bash league', 'wbbl', 'Tests', 'ODI', 'ODIs', 'T20i', 'T20 Cricket', 'World Cup']",False
kkPOYDkVqIo,A Day Two of milestones for Marnus and Smith,2022-12-01,19:00:11Z,9457,29,369,"['fox cricket', 'cricket', 'fox sports australia', 'australia', 'aus', 'fox sports aus', 'bbl', 'big bash', 'big bash league', 'wbbl', 'Tests', 'ODI', 'ODIs', 'Test Cricket', 'Don Bradman', 'Cricket history', 'Cricket Stats', 'All-time Cricketers', 'GOAT cricket', 'Gilly']",False
Ihxbfx6eFv8,Behind the scenes: Howie explains everything that goes into a Fox Cricket Test match broadcast!,2022-12-02,05:36:46Z,43348,68,1200,"['fox cricket', 'cricket', 'fox sports australia', 'australia', 'aus', 'fox sports aus', 'bbl', 'big bash', 'big bash league', 'wbbl', 'Tests', 'ODI', 'ODIs']",False
skwr29y-2p4,Best Aussie bowling attack: Shane Warne & Glenn McGrath vs. Pat Cummins & Nathan Lyon | FOX Cricket,2022-12-03,06:06:03Z,16799,81,288,"['fox cricket', 'cricket', 'fox sports australia', 'australia', 'aus', 'fox sports aus', 'bbl', 'big bash', 'big bash league', 'wbbl', 'Tests', 'ODI', 'ODIs']",False
58ICtDiDhWc,Mic'd Up | Steve Smith in the slips against the West Indies,2022-12-03,01:13:32Z,131504,85,2638,"['fox cricket', 'cricket', 'fox sports australia', 'australia', 'aus', 'fox sports aus', 'bbl', 'big bash', 'big bash league', 'wbbl', 'Tests', 'ODI', 'ODIs']",False
YeR8u20cxCA,West Indies legend Brian Lara provides a batting masterclass | FOX Cricket,2022-12-04,03:01:31Z,329010,459,4872,"['fox cricket', 'cricket', 'fox sports australia', 'australia', 'aus', 'fox sports aus', 'bbl', 'big bash', 'big bash league', 'wbbl', 'Tests', 'ODI', 'ODIs']",False
nlSrLGxkt-w,Gilly’s Cricket Classics – Episode 1: The First Ton,2022-12-05,00:16:41Z,9462,17,284,"['fox cricket', 'cricket', 'fox sports australia', 'australia', 'aus', 'fox sports aus', 'bbl', 'big bash', 'big bash league', 'wbbl', 'Tests', 'ODI', 'ODIs', 'Adam Gilchrist', 'Gilly', 'McDonalds']",False
a5fhoLHXMyo,Mic'd Up | Usman Khawaja in the thick of things against the West Indies I Fox Cricket,2022-12-09,02:32:36Z,127441,78,2258,"['fox cricket', 'cricket', 'fox sports australia', 'australia', 'aus', 'fox sports aus', 'bbl', 'big bash', 'big bash league', 'wbbl', 'Tests', 'ODI', 'ODIs', 'Usman Khawaja', 'Marnus Labuschagne', 'West Indies', 'Adelaide Oval', 'David Warner']",False
EeOVIUFTXtI,Nathan Lyon mic'd up for Fox Cricket against the West Indies! | Fox Cricket,2022-12-10,04:36:37Z,89424,45,1649,"['fox cricket', 'cricket', 'fox sports australia', 'australia', 'aus', 'fox sports aus', 'bbl', 'big bash', 'big bash league', 'wbbl', 'Tests', 'ODI', 'ODIs', 'Test Cricket', 'T20', 'T20i', 'IPL']",False
ypwMV7neRrQ,Generational battle: 53 year old Brian Lara and Rashid Khan FACE OFF in the nets! | Fox Cricket,2022-12-10,07:19:43Z,2420771,1506,27050,"['fox cricket', 'cricket', 'fox sports australia', 'australia', 'aus', 'fox sports aus', 'bbl', 'big bash', 'big bash league', 'wbbl', 'Tests', 'ODI', 'ODIs', 'Test Cricket', 'T20', 'T20i', 'IPL']",False
VxTuoejfirI,How Pat Cummins overcame persistent injures to then captain Australia | Turning Points,2022-12-11,07:00:07Z,8202,21,223,"['fox cricket', 'cricket', 'fox sports australia', 'australia', 'aus', 'fox sports aus', 'bbl', 'big bash', 'big bash league', 'wbbl', 'Tests', 'ODI', 'ODIs', 'Test Cricket', 'T20', 'T20i', 'IPL']",False
GiyCmtFOFF0,Gilly pays heartfelt tribute Roy and Warnie,2022-12-13,08:35:02Z,234448,371,4743,[],False
5SCaFeXnntQ,"""I'm glad I got the opportunity to play more than one Test match"" | Baggy Green Tales",2022-12-18,00:56:23Z,7103,7,159,"['fox cricket', 'cricket', 'fox sports australia', 'australia', 'aus', 'fox sports aus', 'bbl', 'big bash', 'big bash league', 'wbbl', 'Tests', 'ODI', 'ODIs', 'Test Cricket', 'T20', 'T20i', 'IPL', 'Baggy Green']",False
XukgvD5cq5A,Chirpy Marnus Labuschagne mic'd up for the first Test against South Africa | Fox Cricket,2022-12-19,03:04:28Z,154886,103,2641,"['fox cricket', 'cricket', 'fox sports australia', 'australia', 'aus', 'fox sports aus', 'bbl', 'big bash', 'big bash league', 'wbbl', 'Tests', 'ODI', 'ODIs', 'Test Cricket', 'T20', 'T20i', 'IPL']",False
QANuyDAM6xE,Gilly’s Cricket Classics – Episode 2: Bob’s Squash Ball,2022-12-19,06:01:29Z,6367,9,183,"['fox cricket', 'cricket', 'fox sports australia', 'australia', 'aus', 'fox sports aus', 'bbl', 'big bash', 'big bash league', 'wbbl', 'Tests', 'ODI', 'ODIs', 'Test Cricket', 'T20', 'T20i', 'IPL']",False
w--Qy4uoSpc,Gilly’s Cricket Classics – Episode 3: The Final Warm-Up,2022-12-21,04:30:12Z,11014,13,259,"['fox cricket', 'cricket', 'fox sports australia', 'australia', 'aus', 'fox sports aus', 'bbl', 'big bash', 'big bash league', 'wbbl', 'Tests', 'ODI', 'ODIs', 'Test Cricket', 'T20', 'T20i', 'IPL']",False
LZhEuHhFe20,AB de Villiers in Virat Kohli's body would be my perfect cricketer | Questions from the Group Chat,2022-12-26,05:00:13Z,154385,154,4950,"['fox cricket', 'cricket', 'fox sports australia', 'australia', 'aus', 'fox sports aus', 'bbl', 'big bash', 'big bash league', 'wbbl', 'Tests', 'ODI', 'ODIs', 'Test Cricket', 'T20', 'T20i', 'IPL', 'David Warner', 'Virat Kohli', 'Sachin Tendulkar']",False
yQ1szIKuK2k,David Warner is Mic'd up for his 100th Test in a Boxing Day special I Fox Cricket,2022-12-27,01:30:13Z,131215,178,2537,"['fox cricket', 'cricket', 'fox sports australia', 'australia', 'aus', 'fox sports aus', 'bbl', 'big bash', 'big bash league', 'wbbl', 'Tests', 'ODI', 'ODIs', 'Test Cricket', 'T20', 'T20i', 'IPL', 'David Warner', 'Boxing Day Test', 'MCG', 'South Africa']",False
U0IU671jEfA,Celebrating Shane Warne: The best of Warnie in the commentary box I The Big Break I Fox Cricket,2022-12-28,01:30:07Z,93780,82,1157,"['fox cricket', 'cricket', 'fox sports australia', 'australia', 'aus', 'fox sports aus', 'bbl', 'big bash', 'big bash league', 'wbbl', 'Tests', 'ODI', 'ODIs', 'Test Cricket', 'T20', 'T20i', 'IPL', 'Shane Warne', 'Michael Vaughan', ""Kerry O'Keeffe"", 'Mark Waugh', 'The Big Break']",False
lqM0k6YQu8I,David Warner's Boxing Day century from the Director's chair | Behind the Broadcast,2022-12-29,03:00:17Z,11344,20,283,"['fox cricket', 'cricket', 'fox sports australia', 'australia', 'aus', 'fox sports aus', 'bbl', 'big bash', 'big bash league', 'wbbl', 'Tests', 'ODI', 'ODIs', 'Test Cricket', 'T20', 'T20i', 'IPL', 'Behind the Scenes', 'TV Production', 'Broadcast Television', 'Behind the Broadcast', 'How to', ""Director's Cut"", 'OB', 'Outside Broadcast']",False
d5VtHhMpCE0,Gilly’s Cricket Classics – Episode 4: On top of the world,2022-12-30,01:20:35Z,8902,14,216,"['fox cricket', 'cricket', 'fox sports australia', 'australia', 'aus', 'fox sports aus', 'bbl', 'big bash', 'big bash league', 'wbbl', 'Tests', 'ODI', 'ODIs', 'Test Cricket', 'T20', 'T20i', 'IPL']",False
7iNkXRPnf9Q,The evolution of the cricket bat - Mike Hussey & Mark Waugh test bats from every era I Fox Cricket,2023-01-05,03:30:53Z,902388,481,8955,"['fox cricket', 'cricket', 'fox sports australia', 'australia', 'aus', 'fox sports aus', 'bbl', 'big bash', 'big bash league', 'wbbl', 'Tests', 'ODI', 'ODIs', 'Test Cricket', 'T20', 'T20i', 'IPL', 'Michael Hussey', 'Mark Waugh', 'Allan Border', 'Cricket Bat']",False
sNUIxybTGyk,"Tendulkar, Warne, Akram and Ponting: Brian Lara picks the best players of his era | FOX Cricket",2023-01-06,07:00:15Z,535734,621,6770,"['fox cricket', 'cricket', 'fox sports australia', 'australia', 'aus', 'fox sports aus', 'bbl', 'big bash', 'big bash league', 'wbbl', 'Tests', 'ODI', 'ODIs', 'Test Cricket', 'T20', 'T20i', 'IPL']",False
fNWFPvDAd54,Nathan Lyon is Mic'd up as Australia chase a clean sweep against South Africa | Fox Cricket,2023-01-07,23:36:11Z,47584,29,740,"['fox cricket', 'cricket', 'fox sports australia', 'australia', 'aus', 'fox sports aus', 'bbl', 'big bash', 'big bash league', 'wbbl', 'Tests', 'ODI', 'ODIs', 'Test Cricket', 'T20', 'T20i', 'IPL', 'Nathan Lyon', 'Spin Bowling']",False
MWIjKgojjT0,Gilly’s Cricket Classics – Episode 5: 57 Rocks,2023-01-09,04:47:10Z,13936,13,280,"['fox cricket', 'cricket', 'fox sports australia', 'australia', 'aus', 'fox sports aus', 'bbl', 'big bash', 'big bash league', 'wbbl', 'Tests', 'ODI', 'ODIs', 'Test Cricket', 'T20', 'T20i', 'IPL']",False
oH9mnAfXp_k,Ind v Aus 1st Test Review – Spinners WRECK Aussies & did Australia overreact to pitch? I Fox Cricket,2023-02-12,02:32:05Z,423802,645,5123,"['fox cricket', 'cricket', 'fox sports australia', 'australia', 'aus', 'fox sports aus', 'bbl', 'big bash', 'big bash league', 'wbbl', 'Tests', 'ODI', 'ODIs', 'Test Cricket', 'T20', 'T20i', 'IPL', 'India', 'Border Gavaskar Trophy', 'Ravindra Jadeja', 'Rohit Sharma', 'Ravichandran Ashwin', 'Alan Border', 'Brad Haddin', 'Brendon Julian', '1st Test', 'Virat Kohli', 'Steve Smith', 'Pat Cummins', 'Nathan Lyon', 'Axar Patel']",False
H1qaecQZGl4,India v Australia 2nd Test Review – India go 2-0 up after Australia IMPLODE in Delhi I Fox Cricket,2023-02-20,06:00:11Z,615909,823,7722,"['fox cricket', 'cricket', 'fox sports australia', 'australia', 'aus', 'fox sports aus', 'bbl', 'big bash', 'big bash league', 'wbbl', 'Tests', 'ODI', 'ODIs', 'Test Cricket', 'T20', 'T20i', 'IPL', 'India', 'Steve Smith', 'Pat Cummins', 'Rohit Sharma', 'Virat Kohli', 'Ravindra Jadeja', 'Ravichandran Ashwin', 'Nathan Lyon', 'Marnus Labuschagne']",False
4973MQard9o,India v Australia 3rd Test Review – Aussies bounce back against a complacent India? I Fox Cricket,2023-03-03,06:18:13Z,65492,294,835,"['fox cricket', 'cricket', 'fox sports australia', 'australia', 'aus', 'fox sports aus', 'bbl', 'big bash', 'big bash league', 'wbbl', 'Tests', 'ODI', 'ODIs', 'Test Cricket', 'T20', 'T20i', 'IPL', 'India', 'India vs. Australia', 'Steve Smith', 'Virat Kohli', 'Marnus Labuschagne', 'Rohit Sharma', 'Nathan Lyon', 'Travis Head', 'Fox Cricket', 'Ravindra Jadeja', 'Ravichandran Ashwin', 'Mark Waugh', 'Brad Haddin', 'Brendon Julian', 'Usman Khawaja']",False
9sdywle2xVA,Khawaja opens up on his friendship with Kohli & reflects on Australia's loss to India I Fox Cricket,2023-05-24,08:00:06Z,104353,109,1577,"['fox cricket', 'cricket', 'fox sports australia', 'australia', 'aus', 'fox sports aus', 'bbl', 'big bash', 'big bash league', 'wbbl', 'Tests', 'ODI', 'ODIs', 'Test Cricket', 'T20', 'T20i', 'IPL', 'India', 'Virat Kohli', 'Australia', 'Usman Khawaja', 'Border Gavaskar Trophy', 'Ashes', 'England']",False
Eo_LU0UXMbI,"Green wicket to test Bazball at Lords?🏏 Plus, Robinson embraces Ashes villain arc! | Fox Cricket",2023-06-28,02:09:18Z,34662,80,251,"['fox cricket', 'cricket', 'fox sports australia', 'australia', 'aus', 'fox sports aus', 'bbl', 'big bash', 'big bash league', 'wbbl', 'Tests', 'ODI', 'ODIs', 'Test Cricket', 'T20', 'T20i', 'IPL']",False
eCyvX68xdCQ,'That whole Test was pretty grubby': New details emerge surrounding Carey stumping 😬 | Fox Cricket,2023-07-19,01:46:31Z,25727,246,198,"['fox cricket', 'cricket', 'fox sports australia', 'australia', 'aus', 'fox sports aus', 'bbl', 'big bash', 'big bash league', 'wbbl', 'Tests', 'ODI', 'ODIs', 'Test Cricket', 'T20', 'T20i', 'IPL']",False
A0wLx721tDs,'They won't back down from a fight' - Uzzie opens up on what it's like to play India & Virat Kohli,2023-09-29,05:58:05Z,47019,71,682,"['fox cricket', 'cricket', 'fox sports australia', 'australia', 'aus', 'fox sports aus', 'bbl', 'big bash', 'big bash league', 'wbbl', 'Tests', 'ODI', 'ODIs', 'Test Cricket', 'T20', 'T20i', 'IPL', 'Virat Kohli', 'India', 'Usman Khawaja', 'Ravichandran Ashwin', 'Ravindra Jadeja']",False
SuaKWwAscp0,Australia pick their ODI World XI | Top Order,2023-09-30,06:00:17Z,1651477,1896,35083,"['fox cricket', 'cricket', 'fox sports australia', 'australia', 'aus', 'fox sports aus', 'bbl', 'big bash', 'big bash league', 'wbbl', 'Tests', 'ODI', 'ODIs', 'Test Cricket', 'T20', 'T20i', 'IPL']",False
JgZizKa-5MM,Warner's WC Preview: Can Aus outshine India's 'electrifying' atmosphere & England's 'great depth'?,2023-10-05,20:00:05Z,13379,17,246,"['fox cricket', 'cricket', 'fox sports australia', 'australia', 'aus', 'fox sports aus', 'bbl', 'big bash', 'big bash league', 'wbbl', 'Tests', 'ODI', 'ODIs', 'Test Cricket', 'T20', 'T20i', 'IPL']",False
rv2cYvWdjIM,Australia pick their ODI World XI | Middle Order,2023-10-06,07:00:32Z,204062,458,4182,"['fox cricket', 'cricket', 'fox sports australia', 'australia', 'aus', 'fox sports aus', 'bbl', 'big bash', 'big bash league', 'wbbl', 'Tests', 'ODI', 'ODIs', 'Test Cricket', 'T20', 'T20i', 'IPL']",False
ekwZCwc59WM,Australia picks their World XI | Tail-end,2023-10-10,06:00:26Z,37859,109,1225,"['fox cricket', 'cricket', 'fox sports australia', 'australia', 'aus', 'fox sports aus', 'bbl', 'big bash', 'big bash league', 'wbbl', 'Tests', 'ODI', 'ODIs', 'Test Cricket', 'T20', 'T20i', 'IPL']",False
